{
  "layouts": {
    "keymap": [
      {
        "author": "focusaurus",
        "name": "kipra v1",
        "switchMount": "cherry"
      },
      [
        {
          "f": 8,
          "fa": [
            1
          ],
          "p": "CHICKLET",
          "x": 3,
          "y": 0.19999999999999996
        },
        "3,2",
        {
          "x": 7
        },
        "7,2"
      ],
      [
        {
          "x": 10,
          "y": -0.95
        },
        "7,3"
      ],
      [
        {
          "x": 2,
          "y": -0.9
        },
        "3,1",
        {
          "x": 1
        },
        "3,3",
        {
          "x": 7
        },
        "7,1"
      ],
      [
        {
          "x": 1,
          "y": -0.85
        },
        "3,0",
        {
          "x": 3
        },
        "3,4",
        {
          "x": 3
        },
        "7,4",
        {
          "x": 3
        },
        "7,0"
      ],
      [
        {
          "x": 3,
          "y": -0.30000000000000004
        },
        "2,2",
        {
          "x": 7
        },
        "6,2"
      ],
      [
        {
          "x": 10,
          "y": -0.95
        },
        "6,3"
      ],
      [
        {
          "x": 2,
          "y": -0.8999999999999999
        },
        "2,1",
        {
          "x": 1
        },
        "2,3",
        {
          "x": 7
        },
        "6,1"
      ],
      [
        {
          "x": 1,
          "y": -0.8500000000000001
        },
        "2,0",
        {
          "x": 3
        },
        "2,4",
        {
          "a": 7,
          "d": true,
          "f": 6,
          "h": 2.75,
          "w": 3
        },
        "",
        {
          "a": 4,
          "f": 8,
          "fa": [
            1
          ]
        },
        "6,4",
        {
          "x": 3
        },
        "6,0"
      ],
      [
        {
          "x": 3,
          "y": -0.2999999999999998
        },
        "1,2",
        {
          "x": 7
        },
        "5,2"
      ],
      [
        {
          "x": 2,
          "y": -0.8500000000000001
        },
        "1,1",
        {
          "n": true,
          "x": 1
        },
        "1,3",
        {
          "n": true,
          "x": 5
        },
        "5,3",
        {
          "x": 1
        },
        "5,1"
      ],
      [
        {
          "x": 1,
          "y": -0.8500000000000001
        },
        "1,0",
        {
          "x": 3
        },
        "1,4",
        {
          "x": 3
        },
        "5,4",
        {
          "x": 3
        },
        "5,0"
      ],
      [
        {
          "x": 3,
          "y": -0.2999999999999998
        },
        "0,2",
        {
          "x": 7
        },
        "4,2"
      ],
      [
        {
          "x": 2,
          "y": -0.8500000000000001
        },
        "0,1",
        {
          "x": 1
        },
        "0,3",
        {
          "x": 5
        },
        "4,3",
        {
          "x": 1
        },
        "4,1"
      ],
      [
        {
          "x": 1,
          "y": -0.8500000000000001
        },
        "0,0",
        {
          "x": 11
        },
        "4,0"
      ],
      [
        {
          "f": 9,
          "fa": [
            1
          ],
          "r": 20,
          "x": 6,
          "y": -1.9
        },
        "3,5"
      ],
      [
        {
          "r": 30,
          "x": 7.5,
          "y": -2.25
        },
        "2,5"
      ],
      [
        {
          "r": 40,
          "rx": 5,
          "ry": 4.5,
          "x": 2,
          "y": -0.5
        },
        "1,5"
      ],
      [
        {
          "r": -40,
          "rx": 10,
          "x": -2.8,
          "y": -0.5
        },
        "5,5"
      ],
      [
        {
          "r": -30,
          "rx": 0.25,
          "ry": 0,
          "x": 4.45,
          "y": 8.6
        },
        "6,5"
      ],
      [
        {
          "r": -20,
          "x": 6.95,
          "y": -2
        },
        "7,5"
      ]
    ]
  },
  "matrix": {
    "cols": 6,
    "rows": 8
  },
  "name": "kipra",
  "productId": "0x5477",
  "vendorId": "0xFEED"
}
